title,company,description,link,listedOn
Front-End Developer - UI/UX,Beilby Downing Teal,Looking for sound Front End Developer with 3+ years' experience in developing web-based business applications in banking & finance sector.,https://www.seek.com.au/job/53216538?type=standout#searchRequestToken=f090bb2e-e175-4172-b31f-bae5d5fe89e2,2021-07-30T09:26:48.874Z
Front End Developer,Keystart,Keystart is looking for an experienced Front End Developer to apply your expertise to our core lending system.,https://www.seek.com.au/job/53204821?type=standard#searchRequestToken=f090bb2e-e175-4172-b31f-bae5d5fe89e2,2021-07-29T09:26:48.874Z
Web Developer,Robert Half,"A technology driven organisation with a focus on building great features and product improvements, looking for a mid - senior level .Net Developer",https://www.seek.com.au/job/53223716?type=standard#searchRequestToken=f090bb2e-e175-4172-b31f-bae5d5fe89e2,2021-07-30T09:26:48.874Z
Full Stack Web Developer (Remote),Niftee Group,This is a casual role (up to full-time hours depending on workload) that is open to anyone in Australia or New Zealand as a remote position.,https://www.seek.com.au/job/53044275?type=standard#searchRequestToken=f090bb2e-e175-4172-b31f-bae5d5fe89e2,2021-07-19T09:26:48.874Z
Software Engineer,Upwave,"We need an Engineer like you to provide strong technical leadership as we extend our dashboard to satisfy complex, data-intensive customer needs.",https://www.seek.com.au/job/53190639?type=standard#searchRequestToken=f090bb2e-e175-4172-b31f-bae5d5fe89e2,2021-07-30T09:26:48.874Z
Front End Engineer,JLL,"Help JLL's aim to achieve net zero carbon emissions by 2040 across all areas of its operations, including the client sites we manage",https://www.seek.com.au/job/53042849?type=standout#searchRequestToken=f090bb2e-e175-4172-b31f-bae5d5fe89e2,2021-07-19T09:26:48.874Z
Wordpress Developer - Work from home,Superminimal,Wordpress Developer - Work from home,https://www.seek.com.au/job/53054377?type=standard#searchRequestToken=f090bb2e-e175-4172-b31f-bae5d5fe89e2,2021-07-20T09:26:48.874Z
Front End Developer,Digital Resources Australia Pty Ltd,Urgently looking for a Mid - Senior Front-end developer for a greenfield project based in CBD.,https://www.seek.com.au/job/52971026?type=standout#searchRequestToken=f090bb2e-e175-4172-b31f-bae5d5fe89e2,2021-07-14T09:26:48.874Z
Full Stack Developer,Valrose,"Join a professional, high-performing team dedicated to continuous learning and development",https://www.seek.com.au/job/53153131?type=standard#searchRequestToken=f090bb2e-e175-4172-b31f-bae5d5fe89e2,2021-07-27T09:26:48.874Z
Developer roles,REM Consulting,Developer roles We currently have few developer roles available.,https://www.seek.com.au/job/53144333?type=standard#searchRequestToken=f090bb2e-e175-4172-b31f-bae5d5fe89e2,2021-07-26T09:26:48.874Z
Front End Developer,Full Circle Partners,We are currently looking for a Front End Developer to join a leading CBD based client of ours for a long term contract.,https://www.seek.com.au/job/52895746?type=standard#searchRequestToken=f090bb2e-e175-4172-b31f-bae5d5fe89e2,2021-07-09T09:26:48.874Z
Front End Developer (Angular),Trackem Pty Ltd,"* Work in a great team within a growing company * 6 month contract with option to become permanent * $100,000 - $130,000 (depending on experience)",https://www.seek.com.au/job/53102142?type=standard#searchRequestToken=f090bb2e-e175-4172-b31f-bae5d5fe89e2,2021-07-22T09:26:48.874Z
Full Stack Developer,Byrnecut Australia Pty Ltd,We are currently seeking applications from experienced individuals to fill the positions of Full Stack Developers to join our Information Systems team,https://www.seek.com.au/job/53165744?type=standout#searchRequestToken=f090bb2e-e175-4172-b31f-bae5d5fe89e2,2021-07-27T09:26:48.875Z
Front End Developer,Peoplebank Australia WA,Multiple permanent opportunities for experienced Front end Developers to join an exciting scale up organisation.,https://www.seek.com.au/job/52861211?type=standout#searchRequestToken=f090bb2e-e175-4172-b31f-bae5d5fe89e2,2021-07-07T09:26:48.875Z
React Developer / Mid or Senior Level,Rayne Recruitment,Newly created role for an experienced React Developer. Join an iconic company working on a major new in-house React project. Long term. Top pay rate.,https://www.seek.com.au/job/53188741?type=standard#searchRequestToken=f090bb2e-e175-4172-b31f-bae5d5fe89e2,2021-07-28T09:26:48.875Z
Software Developer (Full-Stack),Micromine Pty Ltd.,Work within global development teams. Enhance our mining software. Full-stack development. SQL design & queries. Support stakeholders as required.,https://www.seek.com.au/job/53233188?type=standout#searchRequestToken=f090bb2e-e175-4172-b31f-bae5d5fe89e2,2021-07-30T09:26:48.875Z
Full Stack Developer - (2 Year Fixed Term Contract),Byrnecut Australia Pty Ltd,We are currently seeking applications from experienced individuals to fill the position of Full Stack Developer to join our Information Systems team,https://www.seek.com.au/job/53166613?type=standout#searchRequestToken=f090bb2e-e175-4172-b31f-bae5d5fe89e2,2021-07-27T09:26:48.875Z
Front-End Developer - Permanent,Magia Solutions Pty Ltd,Front-End Web Developer - Perth CBD - Permanent A new and exciting role exists for an experienced Web Developer to join our expanding company.,https://www.seek.com.au/job/52805763?type=standard#searchRequestToken=f090bb2e-e175-4172-b31f-bae5d5fe89e2,2021-07-05T09:26:48.875Z
Full Stack Software Developer,Agworld,Make a difference developing software for a SAAS company based right here in Perth! Incredible opportunity to do something meaningful.,https://www.seek.com.au/job/53082772?type=standout#searchRequestToken=f090bb2e-e175-4172-b31f-bae5d5fe89e2,2021-07-21T09:26:48.875Z
Full Stack Developer - WFH,Competentia Pty Ltd,Full Stack Developer required in a WFH/Virtual role. Take lead responsibility in a rapidly growing tech start-up business.,https://www.seek.com.au/job/53218779?type=standout#searchRequestToken=f090bb2e-e175-4172-b31f-bae5d5fe89e2,2021-07-30T09:26:48.875Z
Software Developer,Robert Walters,"Join RMT in a time of growth with new products and product enhancements on the horizon, 3-5 yrs hands on exp with Java, Angular & Oracle is a must",https://www.seek.com.au/job/53161042?type=standard#searchRequestToken=987a97b5-d4a0-4355-85dd-c0fed1b27910,2021-07-27T09:26:49.936Z
Software Application Developer,FLANDERS of Australia,"Diverse programming role, working across several products, further developing our technology roadmap.",https://www.seek.com.au/job/53026030?type=standout#searchRequestToken=987a97b5-d4a0-4355-85dd-c0fed1b27910,2021-07-19T09:26:49.936Z
Developer,GO1 Pty Ltd,GO1 is on a mission to unlock positive potential through a love of learning.,https://www.seek.com.au/job/52871210?type=standout#searchRequestToken=987a97b5-d4a0-4355-85dd-c0fed1b27910,2021-07-08T09:26:49.936Z
Software Engineer,VGW,You'll work on our payments systems across the VGW product range.,https://www.seek.com.au/job/53141711?type=standout#searchRequestToken=987a97b5-d4a0-4355-85dd-c0fed1b27910,2021-07-26T09:26:49.936Z
Senior Web and Mobile App Developer (Temporary),Lotterywest,An opportunity exists at Lotterywest for the full-time fixed term position of Senior Web and Mobile App Developer (Temporary) of the TS business unit,https://www.seek.com.au/job/53189042?type=standard#searchRequestToken=987a97b5-d4a0-4355-85dd-c0fed1b27910,2021-07-28T09:26:49.936Z
Full Stack Developer,HoverIT Pte Ltd,Full stack developers required for super exciting next generation ‘e-commerce meets social media’ start up!,https://www.seek.com.au/job/52875829?type=standard#searchRequestToken=987a97b5-d4a0-4355-85dd-c0fed1b27910,2021-07-08T09:26:49.936Z
Full Stack Developer,PlanCare,"Looking for a role that gives you more opportunity to grow, experience new ideas and technology, whilst also making a positive change in the world?",https://www.seek.com.au/job/52814637?type=standard#searchRequestToken=987a97b5-d4a0-4355-85dd-c0fed1b27910,2021-07-05T09:26:49.936Z
DevOps React Front-end Developer,GLX Digital Limited,"Are you exceptional at what you do, passionate about your work, love tackling complex problems? Then we welcome your application.",https://www.seek.com.au/job/52849356?type=standout#searchRequestToken=987a97b5-d4a0-4355-85dd-c0fed1b27910,2021-07-07T09:26:49.936Z
Senior Frontend Developer,TrafficGuard Pty Ltd,"TrafficGuard is looking for a highly talented and driven Senior Frontend Developer that is keen to learn, grow and program within our company.",https://www.seek.com.au/job/53076183?type=standout#searchRequestToken=987a97b5-d4a0-4355-85dd-c0fed1b27910,2021-07-21T09:26:49.936Z
Software Developer,Paxus,This is an exciting opportunity for a software developer with mobile development experience to join a dedicated cross-skilled development team,https://www.seek.com.au/job/53051158?type=standout#searchRequestToken=987a97b5-d4a0-4355-85dd-c0fed1b27910,2021-07-20T09:26:49.936Z
Software Engineer,HEALTHENGINE,We’re looking for passionate software engineers who want to solve problems that actually matter and have an immediate impact!,https://www.seek.com.au/job/52699669?type=standout#searchRequestToken=987a97b5-d4a0-4355-85dd-c0fed1b27910,2021-07-21T09:26:49.936Z
Senior Full Stack Developer,Digital Resources Australia Pty Ltd,Urgently looking for a Senior Full Stack Developer to work on a mix of Brownfield and Greenfield projects.,https://www.seek.com.au/job/53223705?type=standout#searchRequestToken=987a97b5-d4a0-4355-85dd-c0fed1b27910,2021-07-30T09:26:49.936Z
Siebel Developer,Pyramid Global Technologies Pty Ltd,Siebel Developer,https://www.seek.com.au/job/53202496?type=standout#searchRequestToken=987a97b5-d4a0-4355-85dd-c0fed1b27910,2021-07-29T09:26:49.936Z
CONSTRUCTION Lawyer Role - Front and Back End - 2- 4PAE,Burgess Paluch Legal Recruitment,Premier firm * front and back end construction work * acclaimed partners * happy to train lawyers without much construction law experience....,https://www.seek.com.au/job/52984641?type=standard#searchRequestToken=987a97b5-d4a0-4355-85dd-c0fed1b27910,2021-07-15T09:26:49.936Z
Senior Full Stack .NET Web Developer,Empire Software Pty Ltd,Opportunity for a talented Senior Full Stack .NET Web Developer to test their limits with our Award-winning enterprise software.,https://www.seek.com.au/job/53097830?type=standout#searchRequestToken=987a97b5-d4a0-4355-85dd-c0fed1b27910,2021-07-22T09:26:49.936Z
Senior Fullstack Developer,Verse Group,"Opportunity to work on exciting cloud technologies, microservices and AWS scaled systems",https://www.seek.com.au/job/53147880?type=standout#searchRequestToken=987a97b5-d4a0-4355-85dd-c0fed1b27910,2021-07-26T09:26:49.937Z
Software Developer (Jora),SEEK Limited,Use your skills to deal with high-volume online traffic and build applications that scale for rapid international growth,https://www.seek.com.au/job/53019358?type=standout#searchRequestToken=987a97b5-d4a0-4355-85dd-c0fed1b27910,2021-07-16T09:26:49.937Z
AWS Developer,Mineral Resources Limited,Newly created opportunity for an experienced AWS Developer to join the MRL applications team.,https://www.seek.com.au/job/52880965?type=standout#searchRequestToken=987a97b5-d4a0-4355-85dd-c0fed1b27910,2021-07-08T09:26:49.937Z
Senior Full Stack Developer,Diviv Group,Experienced Full Stack Developer with strong Front End skills. Attractive remuneration to work with a motivated team making a difference for customers,https://www.seek.com.au/job/52905042?type=standout#searchRequestToken=987a97b5-d4a0-4355-85dd-c0fed1b27910,2021-07-10T09:26:49.937Z
.Net Developer,Empired Limited,Looking for people who want a challenge and love solving complex problems and supporting our customers in growing their business,https://www.seek.com.au/job/53219495?type=standout#searchRequestToken=987a97b5-d4a0-4355-85dd-c0fed1b27910,2021-07-30T09:26:49.937Z
Developer (.Net),ASG Group Ltd,NEW Openings for .Net Developers with solid full stack experience to join us at ASG Group on multiple varied projects on Cloud Migrations,https://www.seek.com.au/job/53147209?type=standout#searchRequestToken=c2075cd9-0714-4c4b-85c7-459fb31a58cc,2021-07-26T09:26:52.157Z
Senior Full-Stack Developer,Kinetic IT,We're looking for a talented Senior Application Developer to play a pivotal role within the newly established Service Innovation & Solutions function,https://www.seek.com.au/job/53012297?type=standout#searchRequestToken=c2075cd9-0714-4c4b-85c7-459fb31a58cc,2021-07-16T09:26:52.157Z
Developer - CPM,Technology One Limited,"Are you an experienced Software Developer? This is an exciting opportunity to join our CPM team, creating the tools and solutions our customers love",https://www.seek.com.au/job/52806275?type=standout#searchRequestToken=c2075cd9-0714-4c4b-85c7-459fb31a58cc,2021-07-05T09:26:52.157Z
Senior Developer,GO1 Pty Ltd,GO1 is on a mission to unlock positive potential through a love of learning.,https://www.seek.com.au/job/52842891?type=standout#searchRequestToken=c2075cd9-0714-4c4b-85c7-459fb31a58cc,2021-07-07T09:26:52.157Z
Developer (.Net),ASG Group Ltd,Multiple openings at ASG Group for .Net Developers with good experience of C# to come and join us as a full stack developer on a number of projects.,https://www.seek.com.au/job/52871493?type=standard#searchRequestToken=c2075cd9-0714-4c4b-85c7-459fb31a58cc,2021-07-08T09:26:52.157Z
REACT / .NET Developer Wanted ! New role - Growing REACT team,Rayne Recruitment,EXPERIENCED REACT DEVELOPER WANTED ! In-house innovation and growth projects. Highly interesting and very rewarding ! Long term/ongoing contract.,https://www.seek.com.au/job/52837823?type=standard#searchRequestToken=c2075cd9-0714-4c4b-85c7-459fb31a58cc,2021-07-06T09:26:52.157Z
Senior Full Stack Developer,Digital Resources Australia Pty Ltd,Urgently looking for a Senior Full Stack Developer to work on a mix Brownfield and Greenfield projects.,https://www.seek.com.au/job/52785573?type=standout#searchRequestToken=c2075cd9-0714-4c4b-85c7-459fb31a58cc,2021-07-02T09:26:52.157Z
Senior Software Engineer,Bankwest Group Services,"Be a part of nurturing collaborative team that is self-managing with end-to-end responsibility for designing, delivering, and optimising .",https://www.seek.com.au/job/53149236?type=standout#searchRequestToken=c2075cd9-0714-4c4b-85c7-459fb31a58cc,2021-07-26T09:26:52.157Z
Salesforce Developer,Professional Search Group,"New opportunity for Salesforce Developer based in Perth's inner suburbs! Work with a team in a great culture, offering work life balance we all want!",https://www.seek.com.au/job/53092783?type=standard#searchRequestToken=c2075cd9-0714-4c4b-85c7-459fb31a58cc,2021-07-22T09:26:52.157Z
Senior Full Stack Developers x 4 - Java/Spring Boot - Perth CBD,Professional Search Group,"-Genuinely disruptive technology -Truly flexible environment, both working arrangements and technology -Brilliant facilities, and welcoming team",https://www.seek.com.au/job/52918243?type=standard#searchRequestToken=c2075cd9-0714-4c4b-85c7-459fb31a58cc,2021-07-12T09:26:52.157Z
UI / UX Designer,Talent – SEEK Recruitment Agency of the Year | 7 Time Winner,Seeking a guru in UI/UX to develop user centric digitial platforms.,https://www.seek.com.au/job/53031877?type=standout#searchRequestToken=c2075cd9-0714-4c4b-85c7-459fb31a58cc,2021-07-19T09:26:52.157Z
Product Designer,EHG Services Pty Ltd,join us in our rapidly growing our digital team and hugely amping up our design capability!,https://www.seek.com.au/job/53001721?type=standout#searchRequestToken=c2075cd9-0714-4c4b-85c7-459fb31a58cc,2021-07-16T09:26:52.157Z
Technical Tester - Selenium/Web Driver - Java - Great Permanent job,Australian Energy Market Operator (AEMO),- Great Permanent Role - Automation/Selenium/Java Testing - Agile/Scrum - large friendly team environment,https://www.seek.com.au/job/53146967?type=standard#searchRequestToken=c2075cd9-0714-4c4b-85c7-459fb31a58cc,2021-07-26T09:26:52.157Z
Senior Analyst Programmer,InSig Technologies Pty Ltd,Opportunity for Senior Analyst Programmers to develop software and deliver enhancements on AEMO’s WA System Management and Market Systems.,https://www.seek.com.au/job/52869526?type=standout#searchRequestToken=c2075cd9-0714-4c4b-85c7-459fb31a58cc,2021-07-08T09:26:52.157Z
Enterprise / Solution Architect,Lotterywest,Insig Technologies is a fast growing Mining Technology company with a need for an Enterprise Solution Architect to join the head office team in Perth.,https://www.seek.com.au/job/52807883?type=standard#searchRequestToken=c2075cd9-0714-4c4b-85c7-459fb31a58cc,2021-07-05T09:26:52.157Z
Senior Web and Mobile App Developer (Temporary),REDI Software Solutions,An opportunity exists at Lotterywest for the full-time fixed term position of Senior Web and Mobile App Developer (Temporary) of the TS business unit,https://www.seek.com.au/job/53189041?type=standard#searchRequestToken=c2075cd9-0714-4c4b-85c7-459fb31a58cc,2021-07-28T09:26:52.157Z
Software Developer,Mobility,"We are looking for a mid to senior developer keen to work on across a mix of projects and technologies. IoT, Web, Mobile, SaSS.",https://www.seek.com.au/job/53143983?type=standout#searchRequestToken=c2075cd9-0714-4c4b-85c7-459fb31a58cc,2021-07-26T09:26:52.158Z
.NET Developer,Chevron,".NET Developer needed to join a dynamic, collaborative, agile development team.",https://www.seek.com.au/job/53029414?type=standout#searchRequestToken=c2075cd9-0714-4c4b-85c7-459fb31a58cc,2021-07-19T09:26:52.158Z
Software Engineer,Hays Marketing,"Use computer science principles, software engineering frameworks and programming languages to deliver innovative solutions that drive business value.",https://www.seek.com.au/job/52948004?type=standard#searchRequestToken=c2075cd9-0714-4c4b-85c7-459fb31a58cc,2021-07-13T09:26:52.158Z
SEO/SEM Specialist,,Lead and grow the digital team for performance specialist consultancy,https://www.seek.com.au/job/52837986?type=standard#searchRequestToken=c2075cd9-0714-4c4b-85c7-459fb31a58cc,2021-07-06T09:26:52.158Z
DevOps Back-end Developer,GLX Digital Limited,"Are you exceptional at what you do, passionate about your work, love tackling complex problems? Then we welcome your application.",https://www.seek.com.au/job/52849632?type=standout#searchRequestToken=b8cd4ec8-d90f-4644-a0c9-4b220d2ab3f9,2021-07-07T09:26:55.155Z
Control Systems Engineer,FBR,"With the first Hadrian X already building houses in the real world, we’re embarking on a rapid growth curve.",https://www.seek.com.au/job/52781474?type=standout#searchRequestToken=b8cd4ec8-d90f-4644-a0c9-4b220d2ab3f9,2021-07-02T09:26:55.156Z
Financial Systems Analyst,Freo Group,Escape the rat race to the city... We are currently seeking a Financial Systems Analyst to join our Head Office in Hope Valley.,https://www.seek.com.au/job/52535029?type=standout#searchRequestToken=b8cd4ec8-d90f-4644-a0c9-4b220d2ab3f9,2021-07-02T09:26:55.156Z
Implementation Engineer,Checkout.com,This is an exciting opportunity for an Implementation Engineer to join a fast-growing FinTech company at a turning point of its global expansion.,https://www.seek.com.au/job/52790558?type=standard#searchRequestToken=b8cd4ec8-d90f-4644-a0c9-4b220d2ab3f9,2021-07-02T09:26:55.156Z
Technical Software Tester - Selenium/Web Driver - 12 Month Contract,Adapptor,- 12 Month contract Role - Technical Testing/Automation/Selenium/Java Testing - Agile/Scrum - large friendly team environment,https://www.seek.com.au/job/53146916?type=standard#searchRequestToken=b8cd4ec8-d90f-4644-a0c9-4b220d2ab3f9,2021-07-26T09:26:55.156Z
Mobile App Developer,HBF Health Limited,We're looking for a motivated developer to work on a range of exciting mobile apps and services. Flexible work options are available. Interested?,https://www.seek.com.au/job/53180656?type=standard#searchRequestToken=b8cd4ec8-d90f-4644-a0c9-4b220d2ab3f9,2021-07-28T09:26:55.156Z
Integration Developers x 2 - Transformation,Robert Walters,Two roles for Senior .NET Developers to join the Transformation team on a 12M FTC basis.,https://www.seek.com.au/job/53229314?type=standout#searchRequestToken=b8cd4ec8-d90f-4644-a0c9-4b220d2ab3f9,2021-07-30T09:26:55.156Z
Software Developer - Java,Valrose,"Join RMT in a time of growth with new products and product enhancements on the horizon, 3-5 yrs hands on exp with Java, Angular & Oracle is a must",https://www.seek.com.au/job/52865965?type=standout#searchRequestToken=b8cd4ec8-d90f-4644-a0c9-4b220d2ab3f9,2021-07-08T09:26:55.156Z
Application Security Analyst,Sodexo,"Use your cybersecurity knowledge to guide the secure design and development of varied technologies, including web, mobile, cloud & application",https://www.seek.com.au/job/53153130?type=standard#searchRequestToken=b8cd4ec8-d90f-4644-a0c9-4b220d2ab3f9,2021-07-27T09:26:55.156Z
Graphic &amp; Digital Designer,Omnitronics,Sodexo is looking for a Graphic & Designer to join our Balcatta Support Team,https://www.seek.com.au/job/52791239?type=standout#searchRequestToken=b8cd4ec8-d90f-4644-a0c9-4b220d2ab3f9,2021-07-02T09:26:55.156Z
Software Developer,Imdex Limited,Development of Windows and web applications for advanced communications systems using .NET and C# in an Agile environment.,https://www.seek.com.au/job/52891731?type=standout#searchRequestToken=b8cd4ec8-d90f-4644-a0c9-4b220d2ab3f9,2021-07-09T09:26:55.156Z
Digital Business Analyst,Omnitronics,Bring your skills/expertise to an established high performing team to deliver exceptional client solutions for our growing global technology business.,https://www.seek.com.au/job/52785933?type=standout#searchRequestToken=b8cd4ec8-d90f-4644-a0c9-4b220d2ab3f9,2021-07-02T09:26:55.156Z
Software Development Engineer,Airteam,"Development of Windows, embedded and web applications for advanced communications systems using .NET and C# in an Agile environment.",https://www.seek.com.au/job/53188206?type=standard#searchRequestToken=b8cd4ec8-d90f-4644-a0c9-4b220d2ab3f9,2021-07-28T09:26:55.156Z
Full Stack Developer - remote position,TRS - IT &amp; Communications,Come and join us - a software development agency with a focus on technical excellence! Work from anywhere in Australia.,https://www.seek.com.au/job/52898952?type=standard#searchRequestToken=b8cd4ec8-d90f-4644-a0c9-4b220d2ab3f9,2021-07-09T09:26:55.156Z
MS Azure Integration Architect - Contract or Perm - Global Brand,TRS - IT &amp; Communications,"MS Azure - Huge Global Brand - Contract or Perm - Azure Platform Solutions, Azure Platform Integration (LogicApps,) Azure Bespoke Applications",https://www.seek.com.au/job/53044220?type=standard#searchRequestToken=b8cd4ec8-d90f-4644-a0c9-4b220d2ab3f9,2021-07-19T09:26:55.156Z
Integration Architect - Contract or Perm - Global Brand,Full Circle Partners,"MS Azure - Huge Global Brand - Contract or Perm - Azure Platform Solutions, Azure Platform Integration (LogicApps,) Azure Bespoke Applications",https://www.seek.com.au/job/53021181?type=standard#searchRequestToken=b8cd4ec8-d90f-4644-a0c9-4b220d2ab3f9,2021-07-17T09:26:55.156Z
Java Developer,Asc Software,Full Circle Partners are looking for a Java Developer for a Perth CBD Company,https://www.seek.com.au/job/52892215?type=standard#searchRequestToken=b8cd4ec8-d90f-4644-a0c9-4b220d2ab3f9,2021-07-09T09:26:55.156Z
Android Developer Needed! Great Permanent Role with Cutting Edge Tech,Civmec Construction &amp; Engineering,Make a difference to the lives of all tradies out there by creating awesome software aimed at all trades and construction industries.,https://www.seek.com.au/job/52908030?type=standout#searchRequestToken=b8cd4ec8-d90f-4644-a0c9-4b220d2ab3f9,2021-07-11T09:26:55.156Z
Full Stack Senior Developer,Zipform,Fulltime opportunity - full stack software developer  to join our Corprorate in-house development team,https://www.seek.com.au/job/53183523?type=standout#searchRequestToken=b8cd4ec8-d90f-4644-a0c9-4b220d2ab3f9,2021-07-28T09:26:55.156Z
.NET SOFTWARE DEVELOPER,,Experienced .NET Developer required for full time position in Canning Vale.,https://www.seek.com.au/job/53155753?type=standard#searchRequestToken=b8cd4ec8-d90f-4644-a0c9-4b220d2ab3f9,2021-07-27T09:26:55.156Z
Process Automation Developer,ASC,"Join ASC for a unique opportunity based out of Henderson, WA. Flexible workplace arrangements available and an unbeatable culture!",https://www.seek.com.au/job/53053709?type=standout#searchRequestToken=0132cc1b-d165-47a8-b8bc-2fc71750a0c3,2021-07-20T09:26:57.578Z
Group Manager- Digital Security,St John of God Health Care Inc,St John of God Healthcare | Permanent | Salary Packaging | Professional Development | Flexible Work Options,https://www.seek.com.au/job/53232944?type=standard#searchRequestToken=0132cc1b-d165-47a8-b8bc-2fc71750a0c3,2021-07-30T09:26:57.578Z
Application Developer,NRW Pty Limited,NRW are now seeking a Full Stack Developer to join the team at our Belmont office on a full-time basis. This role is a blend of developing new applica,https://www.seek.com.au/job/53133564?type=standout#searchRequestToken=0132cc1b-d165-47a8-b8bc-2fc71750a0c3,2021-07-26T09:26:57.578Z
Technical Lead,Ascender,"Use your expertise to manage planning, documenting, defining, and evaluating technical roadmaps for our enterprise application.",https://www.seek.com.au/job/52971521?type=standout#searchRequestToken=0132cc1b-d165-47a8-b8bc-2fc71750a0c3,2021-07-14T09:26:57.578Z
